{
    "bias": -0.4315167198587319,
    "weights": [
        -0.8610072767947228,
        2.0500806233071325,
        0.8878860603390561,
        2.0500806233071325,
        1.7488933371337843,
        1.7488933371337843,
        -2.911087900101859,
        -1.3194027801977901,
        -1.3194027801977901,
        -1.3194027801977901
    ]
}