{
    "bias": -1.2307930021762508,
    "weights": [
        -0.012583840036656158,
        2.562663494835345,
        -0.012583840036656158,
        2.562663494835345,
        0.0,
        0.0,
        -2.575247334871992,
        -1.2182091621395923,
        -1.2182091621395923,
        -1.2182091621395923
    ]
}